Workbook

Sheet Data
A1: Parameter | B1: Value | C1: Assumption
A2: Interest rate ( r ) | B2: =5/100 -> 0.05 | C2: risk-free/Continuously compounded | F2: m | G2: =0.25/100 -> 0.0025
A3: Volatilitily | B3: =25/100 -> 0.25 | C3: Annual
A4: A | B4: 0.0001 | C4: Makeham's Law
A5: B | B5: 0.00035 | C5: Makeham's Law
A6: c | B6: 1.075 | C6: Makeham's Law
A7: P | B7: 10000 | C7: Net single premuim
A8: x | B8: 65 | C8: Age-at-issue
A9: N | B9: 5 | C9: length of equity-linked insurance | AA9: pi(0) | AB9: =SUM(Y11:Y70) -> 119.00301
D10: Index | E10: k(years) | F10: Xi | G10: St | H10: log(XiSt) | I10: (rt+sig^2/2)*(N-t) | J10: sigma*sqrt(N-t) | K10: d1(0,k) | L10: d2(0,k) | M10: Phi(-d2) | N10: Phi(-d1) | O10: V(0,k) | P10: P*V(0,k) | Q10: (u+t)A | R10: Bc^x(c^(u+t)-1) | S10: logc | T10: u+tPx | U10: tA | V10: Bc^x(c^t-1) | W10: tPx | X10: tPx-u+tPx | Y10: PI(t)
D11: 0 | E11: =(D11+1)/12 -> 0.083333333 | F11: =(1-$G$2)^E11 -> 0.99979143 | G11: =EXP($B$2*E11) -> 1.0041754 | H11: =LN(F11*G11) -> 0.0039580725 | I11: =($B$2+$B$3^2/2)*($B$9-E11+1/12) -> 0.40625 | J11: =$B$3*SQRT($B$9-E11+1/12) -> 0.55901699 | K11: =(H11+I11)/J11 -> 0.73380251 | L11: =K11-J11 -> 0.17478551 | M11: =_xlfn.NORM.DIST(-L11,0,1,TRUE) -> 0.43062409 | N11: =_xlfn.NORM.DIST(-K11,0,1,TRUE) -> 0.23153456 | O11: =EXP(-$B$2*($B$9-E11+1/12))*M11-F11*G11*N11 -> 0.10291757 | P11: =$B$7*O11 -> 1029.1757 | Q11: =E11*$B$4 -> 8.3333333e-06 | R11: =$B$5*$B$6^$B$8*($B$6^E11-1) -> 0.00023281379 | S11: =LN($B$6) -> 0.072320662 | T11: =EXP(-Q11-R11/S11) -> 0.99677768 | U11: =(E11-1/12)*$B$4 -> 0 | V11: =$B$5*$B$6^$B$8*($B$6^(E11-1/12)-1) -> 0 | W11: =EXP(-U11-V11/S11) -> 1 | X11: =W11-T11 -> 0.0032223183 | Y11: =X11*P11 -> 3.3163318
D12: =D11+1 -> 1 | E12: =(D12+1)/12 -> 0.16666667 | F12: =(1-$G$2)^E12 -> 0.9995829 | G12: =EXP($B$2*E12) -> 1.0083682 | H12: =LN(F12*G12) -> 0.007916145 | I12: =($B$2+$B$3^2/2)*($B$9-E12+1/12) -> 0.39947917 | J12: =$B$3*SQRT($B$9-E12+1/12) -> 0.55433895 | K12: =(H12+I12)/J12 -> 0.73492096 | L12: =K12-J12 -> 0.18058202 | M12: =_xlfn.NORM.DIST(-L12,0,1,TRUE) -> 0.42834784 | N12: =_xlfn.NORM.DIST(-K12,0,1,TRUE) -> 0.23119382 | O12: =EXP(-$B$2*($B$9-E12+1/12))*M12-F12*G12*N12 -> 0.10195928 | P12: =$B$7*O12 -> 1019.5928 | Q12: =E12*$B$4 -> 1.6666667e-05 | R12: =$B$5*$B$6^$B$8*($B$6^E12-1) -> 0.00046703493 | S12: =LN($B$6) -> 0.072320662 | T12: =EXP(-Q12-R12/S12) -> 0.99354641 | U12: =(E12-1/12)*$B$4 -> 8.3333333e-06 | V12: =$B$5*$B$6^$B$8*($B$6^(E12-1/12)-1) -> 0.00023281379 | W12: =EXP(-U12-V12/S12) -> 0.99677768 | X12: =W12-T12 -> 0.0032312693 | Y12: =X12*P12 -> 3.2945789
D13: =D12+1 -> 2 | E13: =(D13+1)/12 -> 0.25 | F13: =(1-$G$2)^E13 -> 0.99937441 | G13: =EXP($B$2*E13) -> 1.0125785 | H13: =LN(F13*G13) -> 0.011874217 | I13: =($B$2+$B$3^2/2)*($B$9-E13+1/12) -> 0.39270833 | J13: =$B$3*SQRT($B$9-E13+1/12) -> 0.54962108 | K13: =(H13+I13)/J13 -> 0.73611178 | L13: =K13-J13 -> 0.18649069 | M13: =_xlfn.NORM.DIST(-L13,0,1,TRUE) -> 0.42602999 | N13: =_xlfn.NORM.DIST(-K13,0,1,TRUE) -> 0.23083134 | O13: =EXP(-$B$2*($B$9-E13+1/12))*M13-F13*G13*N13 -> 0.10098036 | P13: =$B$7*O13 -> 1009.8036 | Q13: =E13*$B$4 -> 2.5e-05 | R13: =$B$5*$B$6^$B$8*($B$6^E13-1) -> 0.00070267191 | S13: =LN($B$6) -> 0.072320662 | T13: =EXP(-Q13-R13/S13) -> 0.99030623 | U13: =(E13-1/12)*$B$4 -> 1.6666667e-05 | V13: =$B$5*$B$6^$B$8*($B$6^(E13-1/12)-1) -> 0.00046703493 | W13: =EXP(-U13-V13/S13) -> 0.99354641 | X13: =W13-T13 -> 0.0032401822 | Y13: =X13*P13 -> 3.2719477
D14: =D13+1 -> 3 | E14: =(D14+1)/12 -> 0.33333333 | F14: =(1-$G$2)^E14 -> 0.99916597 | G14: =EXP($B$2*E14) -> 1.0168063 | H14: =LN(F14*G14) -> 0.01583229 | I14: =($B$2+$B$3^2/2)*($B$9-E14+1/12) -> 0.3859375 | J14: =$B$3*SQRT($B$9-E14+1/12) -> 0.54486237 | K14: =(H14+I14)/J14 -> 0.73737849 | L14: =K14-J14 -> 0.19251612 | M14: =_xlfn.NORM.DIST(-L14,0,1,TRUE) -> 0.42366897 | N14: =_xlfn.NORM.DIST(-K14,0,1,TRUE) -> 0.23044611 | O14: =EXP(-$B$2*($B$9-E14+1/12))*M14-F14*G14*N14 -> 0.099980402 | P14: =$B$7*O14 -> 999.80402 | Q14: =E14*$B$4 -> 3.3333333e-05 | R14: =$B$5*$B$6^$B$8*($B$6^E14-1) -> 0.0009397333 | S14: =LN($B$6) -> 0.072320662 | T14: =EXP(-Q14-R14/S14) -> 0.98705717 | U14: =(E14-1/12)*$B$4 -> 2.5e-05 | V14: =$B$5*$B$6^$B$8*($B$6^(E14-1/12)-1) -> 0.00070267191 | W14: =EXP(-U14-V14/S14) -> 0.99030623 | X14: =W14-T14 -> 0.0032490562 | Y14: =X14*P14 -> 3.2484195
D15: =D14+1 -> 4 | E15: =(D15+1)/12 -> 0.41666667 | F15: =(1-$G$2)^E15 -> 0.99895757 | G15: =EXP($B$2*E15) -> 1.0210519 | H15: =LN(F15*G15) -> 0.019790362 | I15: =($B$2+$B$3^2/2)*($B$9-E15+1/12) -> 0.37916667 | J15: =$B$3*SQRT($B$9-E15+1/12) -> 0.54006172 | K15: =(H15+I15)/J15 -> 0.73872487 | L15: =K15-J15 -> 0.19866315 | M15: =_xlfn.NORM.DIST(-L15,0,1,TRUE) -> 0.42126313 | N15: =_xlfn.NORM.DIST(-K15,0,1,TRUE) -> 0.23003704 | O15: =EXP(-$B$2*($B$9-E15+1/12))*M15-F15*G15*N15 -> 0.098958972 | P15: =$B$7*O15 -> 989.58972 | Q15: =E15*$B$4 -> 4.1666667e-05 | R15: =$B$5*$B$6^$B$8*($B$6^E15-1) -> 0.0011782277 | S15: =LN($B$6) -> 0.072320662 | T15: =EXP(-Q15-R15/S15) -> 0.98379928 | U15: =(E15-1/12)*$B$4 -> 3.3333333e-05 | V15: =$B$5*$B$6^$B$8*($B$6^(E15-1/12)-1) -> 0.0009397333 | W15: =EXP(-U15-V15/S15) -> 0.98705717 | X15: =W15-T15 -> 0.0032578905 | Y15: =X15*P15 -> 3.2239749
D16: =D15+1 -> 5 | E16: =(D16+1)/12 -> 0.5 | F16: =(1-$G$2)^E16 -> 0.99874922 | G16: =EXP($B$2*E16) -> 1.0253151 | H16: =LN(F16*G16) -> 0.023748435 | I16: =($B$2+$B$3^2/2)*($B$9-E16+1/12) -> 0.37239583 | J16: =$B$3*SQRT($B$9-E16+1/12) -> 0.53521802 | K16: =(H16+I16)/J16 -> 0.74015495 | L16: =K16-J16 -> 0.20493692 | M16: =_xlfn.NORM.DIST(-L16,0,1,TRUE) -> 0.4188107 | N16: =_xlfn.NORM.DIST(-K16,0,1,TRUE) -> 0.22960299 | O16: =EXP(-$B$2*($B$9-E16+1/12))*M16-F16*G16*N16 -> 0.097915627 | P16: =$B$7*O16 -> 979.15627 | Q16: =E16*$B$4 -> 5e-05 | R16: =$B$5*$B$6^$B$8*($B$6^E16-1) -> 0.0014181638 | S16: =LN($B$6) -> 0.072320662 | T16: =EXP(-Q16-R16/S16) -> 0.9805326 | U16: =(E16-1/12)*$B$4 -> 4.1666667e-05 | V16: =$B$5*$B$6^$B$8*($B$6^(E16-1/12)-1) -> 0.0011782277 | W16: =EXP(-U16-V16/S16) -> 0.98379928 | X16: =W16-T16 -> 0.0032666841 | Y16: =X16*P16 -> 3.1985943
D17: =D16+1 -> 6 | E17: =(D17+1)/12 -> 0.58333333 | F17: =(1-$G$2)^E17 -> 0.99854091 | G17: =EXP($B$2*E17) -> 1.0295962 | H17: =LN(F17*G17) -> 0.027706507 | I17: =($B$2+$B$3^2/2)*($B$9-E17+1/12) -> 0.365625 | J17: =$B$3*SQRT($B$9-E17+1/12) -> 0.53033009 | K17: =(H17+I17)/J17 -> 0.741673 | L17: =K17-J17 -> 0.21134292 | M17: =_xlfn.NORM.DIST(-L17,0,1,TRUE) -> 0.41630985 | N17: =_xlfn.NORM.DIST(-K17,0,1,TRUE) -> 0.22914274 | O17: =EXP(-$B$2*($B$9-E17+1/12))*M17-F17*G17*N17 -> 0.096849912 | P17: =$B$7*O17 -> 968.49912 | Q17: =E17*$B$4 -> 5.8333333e-05 | R17: =$B$5*$B$6^$B$8*($B$6^E17-1) -> 0.0016595503 | S17: =LN($B$6) -> 0.072320662 | T17: =EXP(-Q17-R17/S17) -> 0.97725716 | U17: =(E17-1/12)*$B$4 -> 5e-05 | V17: =$B$5*$B$6^$B$8*($B$6^(E17-1/12)-1) -> 0.0014181638 | W17: =EXP(-U17-V17/S17) -> 0.9805326 | X17: =W17-T17 -> 0.0032754363 | Y17: =X17*P17 -> 3.1722572
D18: =D17+1 -> 7 | E18: =(D18+1)/12 -> 0.66666667 | F18: =(1-$G$2)^E18 -> 0.99833264 | G18: =EXP($B$2*E18) -> 1.0338951 | H18: =LN(F18*G18) -> 0.03166458 | I18: =($B$2+$B$3^2/2)*($B$9-E18+1/12) -> 0.35885417 | J18: =$B$3*SQRT($B$9-E18+1/12) -> 0.52539668 | K18: =(H18+I18)/J18 -> 0.74328363 | L18: =K18-J18 -> 0.21788695 | M18: =_xlfn.NORM.DIST(-L18,0,1,TRUE) -> 0.4137586 | N18: =_xlfn.NORM.DIST(-K18,0,1,TRUE) -> 0.22865499 | O18: =EXP(-$B$2*($B$9-E18+1/12))*M18-F18*G18*N18 -> 0.095761355 | P18: =$B$7*O18 -> 957.61355 | Q18: =E18*$B$4 -> 6.6666667e-05 | R18: =$B$5*$B$6^$B$8*($B$6^E18-1) -> 0.0019023959 | S18: =LN($B$6) -> 0.072320662 | T18: =EXP(-Q18-R18/S18) -> 0.97397302 | U18: =(E18-1/12)*$B$4 -> 5.8333333e-05 | V18: =$B$5*$B$6^$B$8*($B$6^(E18-1/12)-1) -> 0.0016595503 | W18: =EXP(-U18-V18/S18) -> 0.97725716 | X18: =W18-T18 -> 0.0032841462 | Y18: =X18*P18 -> 3.1449429
D19: =D18+1 -> 8 | E19: =(D19+1)/12 -> 0.75 | F19: =(1-$G$2)^E19 -> 0.99812441 | G19: =EXP($B$2*E19) -> 1.038212 | H19: =LN(F19*G19) -> 0.035622652 | I19: =($B$2+$B$3^2/2)*($B$9-E19+1/12) -> 0.35208333 | J19: =$B$3*SQRT($B$9-E19+1/12) -> 0.5204165 | K19: =(H19+I19)/J19 -> 0.74499172 | L19: =K19-J19 -> 0.22457522 | M19: =_xlfn.NORM.DIST(-L19,0,1,TRUE) -> 0.41115487 | N19: =_xlfn.NORM.DIST(-K19,0,1,TRUE) -> 0.22813836 | O19: =EXP(-$B$2*($B$9-E19+1/12))*M19-F19*G19*N19 -> 0.094649473 | P19: =$B$7*O19 -> 946.49473 | Q19: =E19*$B$4 -> 7.5e-05 | R19: =$B$5*$B$6^$B$8*($B$6^E19-1) -> 0.0021467095 | S19: =LN($B$6) -> 0.072320662 | T19: =EXP(-Q19-R19/S19) -> 0.9706802 | U19: =(E19-1/12)*$B$4 -> 6.6666667e-05 | V19: =$B$5*$B$6^$B$8*($B$6^(E19-1/12)-1) -> 0.0019023959 | W19: =EXP(-U19-V19/S19) -> 0.97397302 | X19: =W19-T19 -> 0.0032928128 | Y19: =X19*P19 -> 3.11663
D20: =D19+1 -> 9 | E20: =(D20+1)/12 -> 0.83333333 | F20: =(1-$G$2)^E20 -> 0.99791623 | G20: =EXP($B$2*E20) -> 1.0425469 | H20: =LN(F20*G20) -> 0.039580725 | I20: =($B$2+$B$3^2/2)*($B$9-E20+1/12) -> 0.3453125 | J20: =$B$3*SQRT($B$9-E20+1/12) -> 0.5153882 | K20: =(H20+I20)/J20 -> 0.74680255 | L20: =K20-J20 -> 0.23141435 | M20: =_xlfn.NORM.DIST(-L20,0,1,TRUE) -> 0.40849646 | N20: =_xlfn.NORM.DIST(-K20,0,1,TRUE) -> 0.22759138 | O20: =EXP(-$B$2*($B$9-E20+1/12))*M20-F20*G20*N20 -> 0.093513766 | P20: =$B$7*O20 -> 935.13766 | Q20: =E20*$B$4 -> 8.3333333e-05 | R20: =$B$5*$B$6^$B$8*($B$6^E20-1) -> 0.0023925 | S20: =LN($B$6) -> 0.072320662 | T20: =EXP(-Q20-R20/S20) -> 0.96737877 | U20: =(E20-1/12)*$B$4 -> 7.5e-05 | V20: =$B$5*$B$6^$B$8*($B$6^(E20-1/12)-1) -> 0.0021467095 | W20: =EXP(-U20-V20/S20) -> 0.9706802 | X20: =W20-T20 -> 0.0033014355 | Y20: =X20*P20 -> 3.0872966
D21: =D20+1 -> 10 | E21: =(D21+1)/12 -> 0.91666667 | F21: =(1-$G$2)^E21 -> 0.99770809 | G21: =EXP($B$2*E21) -> 1.0468999 | H21: =LN(F21*G21) -> 0.043538797 | I21: =($B$2+$B$3^2/2)*($B$9-E21+1/12) -> 0.33854167 | J21: =$B$3*SQRT($B$9-E21+1/12) -> 0.51031036 | K21: =(H21+I21)/J21 -> 0.74872174 | L21: =K21-J21 -> 0.23841138 | M21: =_xlfn.NORM.DIST(-L21,0,1,TRUE) -> 0.40578102 | N21: =_xlfn.NORM.DIST(-K21,0,1,TRUE) -> 0.22701247 | O21: =EXP(-$B$2*($B$9-E21+1/12))*M21-F21*G21*N21 -> 0.092353719 | P21: =$B$7*O21 -> 923.53719 | Q21: =E21*$B$4 -> 9.1666667e-05 | R21: =$B$5*$B$6^$B$8*($B$6^E21-1) -> 0.0026397763 | S21: =LN($B$6) -> 0.072320662 | T21: =EXP(-Q21-R21/S21) -> 0.96406876 | U21: =(E21-1/12)*$B$4 -> 8.3333333e-05 | V21: =$B$5*$B$6^$B$8*($B$6^(E21-1/12)-1) -> 0.0023925 | W21: =EXP(-U21-V21/S21) -> 0.96737877 | X21: =W21-T21 -> 0.0033100132 | Y21: =X21*P21 -> 3.0569203
D22: =D21+1 -> 11 | E22: =(D22+1)/12 -> 1 | F22: =(1-$G$2)^E22 -> 0.9975 | G22: =EXP($B$2*E22) -> 1.0512711 | H22: =LN(F22*G22) -> 0.04749687 | I22: =($B$2+$B$3^2/2)*($B$9-E22+1/12) -> 0.33177083 | J22: =$B$3*SQRT($B$9-E22+1/12) -> 0.50518149 | K22: =(H22+I22)/J22 -> 0.75075535 | L22: =K22-J22 -> 0.24557386 | M22: =_xlfn.NORM.DIST(-L22,0,1,TRUE) -> 0.40300606 | N22: =_xlfn.NORM.DIST(-K22,0,1,TRUE) -> 0.22639995 | O22: =EXP(-$B$2*($B$9-E22+1/12))*M22-F22*G22*N22 -> 0.091168803 | P22: =$B$7*O22 -> 911.68803 | Q22: =E22*$B$4 -> 0.0001 | R22: =$B$5*$B$6^$B$8*($B$6^E22-1) -> 0.0028885473 | S22: =LN($B$6) -> 0.072320662 | T22: =EXP(-Q22-R22/S22) -> 0.96075021 | U22: =(E22-1/12)*$B$4 -> 9.1666667e-05 | V22: =$B$5*$B$6^$B$8*($B$6^(E22-1/12)-1) -> 0.0026397763 | W22: =EXP(-U22-V22/S22) -> 0.96406876 | X22: =W22-T22 -> 0.0033185451 | Y22: =X22*P22 -> 3.0254778
D23: =D22+1 -> 12 | E23: =(D23+1)/12 -> 1.0833333 | F23: =(1-$G$2)^E23 -> 0.99729195 | G23: =EXP($B$2*E23) -> 1.0556605 | H23: =LN(F23*G23) -> 0.051454942 | I23: =($B$2+$B$3^2/2)*($B$9-E23+1/12) -> 0.325 | J23: =$B$3*SQRT($B$9-E23+1/12) -> 0.5 | K23: =(H23+I23)/J23 -> 0.75290988 | L23: =K23-J23 -> 0.25290988 | M23: =_xlfn.NORM.DIST(-L23,0,1,TRUE) -> 0.40016893 | N23: =_xlfn.NORM.DIST(-K23,0,1,TRUE) -> 0.22575203 | O23: =EXP(-$B$2*($B$9-E23+1/12))*M23-F23*G23*N23 -> 0.08995847 | P23: =$B$7*O23 -> 899.5847 | Q23: =E23*$B$4 -> 0.00010833333 | R23: =$B$5*$B$6^$B$8*($B$6^E23-1) -> 0.0031388221 | S23: =LN($B$6) -> 0.072320662 | T23: =EXP(-Q23-R23/S23) -> 0.95742318 | U23: =(E23-1/12)*$B$4 -> 0.0001 | V23: =$B$5*$B$6^$B$8*($B$6^(E23-1/12)-1) -> 0.0028885473 | W23: =EXP(-U23-V23/S23) -> 0.96075021 | X23: =W23-T23 -> 0.0033270303 | Y23: =X23*P23 -> 2.9929455
... D70: =D69+1 -> 59 | E70: =(D70+1)/12 -> 5 | F70: =(1-$G$2)^E70 -> 0.98756234 | G70: =EXP($B$2*E70) -> 1.2840254 | H70: =LN(F70*G70) -> 0.23748435 | I70: =($B$2+$B$3^2/2)*($B$9-E70+1/12) -> 0.0067708333 | J70: =$B$3*SQRT($B$9-E70+1/12) -> 0.072168784 | K70: =(H70+I70)/J70 -> 3.3844991 | L70: =K70-J70 -> 3.3123303 | M70: =_xlfn.NORM.DIST(-L70,0,1,TRUE) -> 0.00046261119 | N70: =_xlfn.NORM.DIST(-K70,0,1,TRUE) -> 0.00035654128 | O70: =EXP(-$B$2*($B$9-E70+1/12))*M70-F70*G70*N70 -> 8.5736452e-06 | P70: =$B$7*O70 -> 0.085736452 | Q70: =E70*$B$4 -> 0.0005 | R70: =$B$5*$B$6^$B$8*($B$6^E70-1) -> 0.016777812 | S70: =LN($B$6) -> 0.072320662 | T70: =EXP(-Q70-R70/S70) -> 0.79255612 | U70: =(E70-1/12)*$B$4 -> 0.00049166667 | V70: =$B$5*$B$6^$B$8*($B$6^(E70-1/12)-1) -> 0.016445586 | W70: =EXP(-U70-V70/S70) -> 0.79621197 | X70: =W70-T70 -> 0.003655848 | Y70: =X70*P70 -> 0.00031343943

Sheet Calculations
A1: =Data!A2 -> Interest rate ( r ) | B1: =Data!B2 -> 0.05 | C1: =Data!C2 -> risk-free/Continuously compounded
A2: =Data!A3 -> Volatilitily | B2: =Data!B3 -> 0.25 | C2: =Data!C3 -> Annual
A3: =Data!A4 -> A | B3: =Data!B4 -> 0.0001 | C3: =Data!C4 -> Makeham's Law
A4: =Data!A5 -> B | B4: =Data!B5 -> 0.00035 | C4: =Data!C5 -> Makeham's Law
A5: =Data!A6 -> c | B5: =Data!B6 -> 1.075 | C5: =Data!C6 -> Makeham's Law
A6: =Data!A7 -> P | B6: =Data!B7 -> 10000 | C6: =Data!C7 -> Net single premuim
A7: =Data!A8 -> x | B7: =Data!B8 -> 65 | C7: =Data!C8 -> Age-at-issue
A8: =Data!A9 -> N | B8: =Data!B9 -> 5 | C8: =Data!C9 -> length of equity-linked insurance | U8: PI(0) | V8: =SUM(S11:S70) -> 383.03671
A9: =Data!F2 -> m | B9: =Data!G2 -> 0.0025 | C9: Management charges
C10: k | D10: k/12 | E10: k/12-1/12 | F10: log((1-m)^k/e^(rk)) | G10: (rt+s^2/2)*k | H10: s*sqrt(k) | I10: d1 | J10: d2 | K10: Phi(-d2) | L10: Phi(-d1) | M10: (1-m)^(12k) | N10: v(0,k) | O10: P*v(0,k) | P10: (k/12-1/12)Px | Q10: tPx | R10: u|t qx | S10: PI(t)
C11: 1 | D11: =C11/12 -> 0.083333333 | E11: =D11-1/12 -> 0 | F11: =LN((1-$B$9)^D11/EXP($B$1*D11)) -> -0.0043752609 | G11: =($B$1+$B$9^2)*D11 -> 0.0041671875 | H11: =$B$2*SQRT(D11) -> 0.072168784 | I11: =(F11+G11)/H11 -> -0.0028831489 | J11: =I11-H11 -> -0.075051933 | K11: =_xlfn.NORM.DIST(-J11,0,1,TRUE) -> 0.5299133 | L11: =_xlfn.NORM.DIST(-I11,0,1,TRUE) -> 0.50115021 | M11: =(1-$B$9)^(12*D11) -> 0.9975 | N11: =K11-M11*L11 -> 0.030015971 | O11: =$B$6*N11 -> 300.15971 | P11: =EXP(-E11*$B$3-$B$4*$B$5^$B$7*($B$5^E11-1)/LN($B$5)) -> 1 | Q11: =EXP(-D11*$B$3-$B$4*$B$5^$B$7*($B$5^D11-1)/LN($B$5)) -> 0.99677768 | R11: =P11-Q11 -> 0.0032223183 | S11: =R11*O11 -> 0.96721013
C12: =C11+1 -> 2 | D12: =C12/12 -> 0.16666667 | E12: =D12-1/12 -> 0.083333333 | F12: =LN((1-$B$9)^D12/EXP($B$1*D12)) -> -0.0087505217 | G12: =($B$1+$B$9^2)*D12 -> 0.008334375 | H12: =$B$2*SQRT(D12) -> 0.10206207 | I12: =(F12+G12)/H12 -> -0.0040773883 | J12: =I12-H12 -> -0.10613946 | K12: =_xlfn.NORM.DIST(-J12,0,1,TRUE) -> 0.54226415 | L12: =_xlfn.NORM.DIST(-I12,0,1,TRUE) -> 0.50162664 | M12: =(1-$B$9)^(12*D12) -> 0.99500625 | N12: =K12-M12*L12 -> 0.043142509 | O12: =$B$6*N12 -> 431.42509 | P12: =EXP(-E12*$B$3-$B$4*$B$5^$B$7*($B$5^E12-1)/LN($B$5)) -> 0.99677768 | Q12: =EXP(-D12*$B$3-$B$4*$B$5^$B$7*($B$5^D12-1)/LN($B$5)) -> 0.99354641 | R12: =P12-Q12 -> 0.0032312693 | S12: =R12*O12 -> 1.3940506
C13: =C12+1 -> 3 | D13: =C13/12 -> 0.25 | E13: =D13-1/12 -> 0.16666667 | F13: =LN((1-$B$9)^D13/EXP($B$1*D13)) -> -0.013125783 | G13: =($B$1+$B$9^2)*D13 -> 0.012501563 | H13: =$B$2*SQRT(D13) -> 0.125 | I13: =(F13+G13)/H13 -> -0.0049937604 | J13: =I13-H13 -> -0.12999376 | K13: =_xlfn.NORM.DIST(-J13,0,1,TRUE) -> 0.55171432 | L13: =_xlfn.NORM.DIST(-I13,0,1,TRUE) -> 0.50199221 | M13: =(1-$B$9)^(12*D13) -> 0.99251873 | N13: =K13-M13*L13 -> 0.053477642 | O13: =$B$6*N13 -> 534.77642 | P13: =EXP(-E13*$B$3-$B$4*$B$5^$B$7*($B$5^E13-1)/LN($B$5)) -> 0.99354641 | Q13: =EXP(-D13*$B$3-$B$4*$B$5^$B$7*($B$5^D13-1)/LN($B$5)) -> 0.99030623 | R13: =P13-Q13 -> 0.0032401822 | S13: =R13*O13 -> 1.732773
C14: =C13+1 -> 4 | D14: =C14/12 -> 0.33333333 | E14: =D14-1/12 -> 0.25 | F14: =LN((1-$B$9)^D14/EXP($B$1*D14)) -> -0.017501043 | G14: =($B$1+$B$9^2)*D14 -> 0.01666875 | H14: =$B$2*SQRT(D14) -> 0.14433757 | I14: =(F14+G14)/H14 -> -0.0057662979 | J14: =I14-H14 -> -0.15010387 | K14: =_xlfn.NORM.DIST(-J14,0,1,TRUE) -> 0.55965866 | L14: =_xlfn.NORM.DIST(-I14,0,1,TRUE) -> 0.50230041 | M14: =(1-$B$9)^(12*D14) -> 0.99003744 | N14: =K14-M14*L14 -> 0.062362457 | O14: =$B$6*N14 -> 623.62457 | P14: =EXP(-E14*$B$3-$B$4*$B$5^$B$7*($B$5^E14-1)/LN($B$5)) -> 0.99030623 | Q14: =EXP(-D14*$B$3-$B$4*$B$5^$B$7*($B$5^D14-1)/LN($B$5)) -> 0.98705717 | R14: =P14-Q14 -> 0.0032490562 | S14: =R14*O14 -> 2.0261913
C15: =C14+1 -> 5 | D15: =C15/12 -> 0.41666667 | E15: =D15-1/12 -> 0.33333333 | F15: =LN((1-$B$9)^D15/EXP($B$1*D15)) -> -0.021876304 | G15: =($B$1+$B$9^2)*D15 -> 0.020835938 | H15: =$B$2*SQRT(D15) -> 0.16137431 | I15: =(F15+G15)/H15 -> -0.006446917 | J15: =I15-H15 -> -0.16782122 | K15: =_xlfn.NORM.DIST(-J15,0,1,TRUE) -> 0.56663804 | L15: =_xlfn.NORM.DIST(-I15,0,1,TRUE) -> 0.50257193 | M15: =(1-$B$9)^(12*D15) -> 0.98756234 | N15: =K15-M15*L15 -> 0.070316924 | O15: =$B$6*N15 -> 703.16924 | P15: =EXP(-E15*$B$3-$B$4*$B$5^$B$7*($B$5^E15-1)/LN($B$5)) -> 0.98705717 | Q15: =EXP(-D15*$B$3-$B$4*$B$5^$B$7*($B$5^D15-1)/LN($B$5)) -> 0.98379928 | R15: =P15-Q15 -> 0.0032578905 | S15: =R15*O15 -> 2.2908484
C16: =C15+1 -> 6 | D16: =C16/12 -> 0.5 | E16: =D16-1/12 -> 0.41666667 | F16: =LN((1-$B$9)^D16/EXP($B$1*D16)) -> -0.026251565 | G16: =($B$1+$B$9^2)*D16 -> 0.025003125 | H16: =$B$2*SQRT(D16) -> 0.1767767 | I16: =(F16+G16)/H16 -> -0.0070622437 | J16: =I16-H16 -> -0.18383894 | K16: =_xlfn.NORM.DIST(-J16,0,1,TRUE) -> 0.5729301 | L16: =_xlfn.NORM.DIST(-I16,0,1,TRUE) -> 0.5028174 | M16: =(1-$B$9)^(12*D16) -> 0.98509344 | N16: =K16-M16*L16 -> 0.077607971 | O16: =$B$6*N16 -> 776.07971 | P16: =EXP(-E16*$B$3-$B$4*$B$5^$B$7*($B$5^E16-1)/LN($B$5)) -> 0.98379928 | Q16: =EXP(-D16*$B$3-$B$4*$B$5^$B$7*($B$5^D16-1)/LN($B$5)) -> 0.9805326 | R16: =P16-Q16 -> 0.0032666841 | S16: =R16*O16 -> 2.5352073
C17: =C16+1 -> 7 | D17: =C17/12 -> 0.58333333 | E17: =D17-1/12 -> 0.5 | F17: =LN((1-$B$9)^D17/EXP($B$1*D17)) -> -0.030626826 | G17: =($B$1+$B$9^2)*D17 -> 0.029170313 | H17: =$B$2*SQRT(D17) -> 0.19094065 | I17: =(F17+G17)/H17 -> -0.0076280951 | J17: =I17-H17 -> -0.19856875 | K17: =_xlfn.NORM.DIST(-J17,0,1,TRUE) -> 0.57869995 | L17: =_xlfn.NORM.DIST(-I17,0,1,TRUE) -> 0.50304314 | M17: =(1-$B$9)^(12*D17) -> 0.9826307 | N17: =K17-M17*L17 -> 0.084394314 | O17: =$B$6*N17 -> 843.94314 | P17: =EXP(-E17*$B$3-$B$4*$B$5^$B$7*($B$5^E17-1)/LN($B$5)) -> 0.9805326 | Q17: =EXP(-D17*$B$3-$B$4*$B$5^$B$7*($B$5^D17-1)/LN($B$5)) -> 0.97725716 | R17: =P17-Q17 -> 0.0032754363 | S17: =R17*O17 -> 2.764282
C18: =C17+1 -> 8 | D18: =C18/12 -> 0.66666667 | E18: =D18-1/12 -> 0.58333333 | F18: =LN((1-$B$9)^D18/EXP($B$1*D18)) -> -0.035002087 | G18: =($B$1+$B$9^2)*D18 -> 0.0333375 | H18: =$B$2*SQRT(D18) -> 0.20412415 | I18: =(F18+G18)/H18 -> -0.0081547766 | J18: =I18-H18 -> -0.21227892 | K18: =_xlfn.NORM.DIST(-J18,0,1,TRUE) -> 0.58405528 | L18: =_xlfn.NORM.DIST(-I18,0,1,TRUE) -> 0.50325325 | M18: =(1-$B$9)^(12*D18) -> 0.98017413 | N18: =K18-M18*L18 -> 0.090779466 | O18: =$B$6*N18 -> 907.79466 | P18: =EXP(-E18*$B$3-$B$4*$B$5^$B$7*($B$5^E18-1)/LN($B$5)) -> 0.97725716 | Q18: =EXP(-D18*$B$3-$B$4*$B$5^$B$7*($B$5^D18-1)/LN($B$5)) -> 0.97397302 | R18: =P18-Q18 -> 0.0032841462 | S18: =R18*O18 -> 2.9813304
C19: =C18+1 -> 9 | D19: =C19/12 -> 0.75 | E19: =D19-1/12 -> 0.66666667 | F19: =LN((1-$B$9)^D19/EXP($B$1*D19)) -> -0.039377348 | G19: =($B$1+$B$9^2)*D19 -> 0.037504688 | H19: =$B$2*SQRT(D19) -> 0.21650635 | I19: =(F19+G19)/H19 -> -0.0086494468 | J19: =I19-H19 -> -0.2251558 | K19: =_xlfn.NORM.DIST(-J19,0,1,TRUE) -> 0.58907096 | L19: =_xlfn.NORM.DIST(-I19,0,1,TRUE) -> 0.50345059 | M19: =(1-$B$9)^(12*D19) -> 0.97772369 | N19: =K19-M19*L19 -> 0.096835396 | O19: =$B$6*N19 -> 968.35396 | P19: =EXP(-E19*$B$3-$B$4*$B$5^$B$7*($B$5^E19-1)/LN($B$5)) -> 0.97397302 | Q19: =EXP(-D19*$B$3-$B$4*$B$5^$B$7*($B$5^D19-1)/LN($B$5)) -> 0.9706802 | R19: =P19-Q19 -> 0.0032928128 | S19: =R19*O19 -> 3.1886084
C20: =C19+1 -> 10 | D20: =C20/12 -> 0.83333333 | E20: =D20-1/12 -> 0.75 | F20: =LN((1-$B$9)^D20/EXP($B$1*D20)) -> -0.043752609 | G20: =($B$1+$B$9^2)*D20 -> 0.041671875 | H20: =$B$2*SQRT(D20) -> 0.22821773 | I20: =(F20+G20)/H20 -> -0.0091173175 | J20: =I20-H20 -> -0.23733505 | K20: =_xlfn.NORM.DIST(-J20,0,1,TRUE) -> 0.59380156 | L20: =_xlfn.NORM.DIST(-I20,0,1,TRUE) -> 0.50363723 | M20: =(1-$B$9)^(12*D20) -> 0.97527938 | N20: =K20-M20*L20 -> 0.10261455 | O20: =$B$6*N20 -> 1026.1455 | P20: =EXP(-E20*$B$3-$B$4*$B$5^$B$7*($B$5^E20-1)/LN($B$5)) -> 0.9706802 | Q20: =EXP(-D20*$B$3-$B$4*$B$5^$B$7*($B$5^D20-1)/LN($B$5)) -> 0.96737877 | R20: =P20-Q20 -> 0.0033014355 | S20: =R20*O20 -> 3.3877533
C21: =C20+1 -> 11 | D21: =C21/12 -> 0.91666667 | E21: =D21-1/12 -> 0.83333333 | F21: =LN((1-$B$9)^D21/EXP($B$1*D21)) -> -0.048127869 | G21: =($B$1+$B$9^2)*D21 -> 0.045839062 | H21: =$B$2*SQRT(D21) -> 0.23935678 | I21: =(F21+G21)/H21 -> -0.0095623232 | J21: =I21-H21 -> -0.2489191 | K21: =_xlfn.NORM.DIST(-J21,0,1,TRUE) -> 0.59828832 | L21: =_xlfn.NORM.DIST(-I21,0,1,TRUE) -> 0.50381476 | M21: =(1-$B$9)^(12*D21) -> 0.97284118 | N21: =K21-M21*L21 -> 0.10815657 | O21: =$B$6*N21 -> 1081.5657 | P21: =EXP(-E21*$B$3-$B$4*$B$5^$B$7*($B$5^E21-1)/LN($B$5)) -> 0.96737877 | Q21: =EXP(-D21*$B$3-$B$4*$B$5^$B$7*($B$5^D21-1)/LN($B$5)) -> 0.96406876 | R21: =P21-Q21 -> 0.0033100132 | S21: =R21*O21 -> 3.5799969
C22: =C21+1 -> 12 | D22: =C22/12 -> 1 | E22: =D22-1/12 -> 0.91666667 | F22: =LN((1-$B$9)^D22/EXP($B$1*D22)) -> -0.05250313 | G22: =($B$1+$B$9^2)*D22 -> 0.05000625 | H22: =$B$2*SQRT(D22) -> 0.25 | I22: =(F22+G22)/H22 -> -0.0099875209 | J22: =I22-H22 -> -0.25998752 | K22: =_xlfn.NORM.DIST(-J22,0,1,TRUE) -> 0.6025633 | L22: =_xlfn.NORM.DIST(-I22,0,1,TRUE) -> 0.50398438 | M22: =(1-$B$9)^(12*D22) -> 0.97040908 | N22: =K22-M22*L22 -> 0.11349228 | O22: =$B$6*N22 -> 1134.9228 | P22: =EXP(-E22*$B$3-$B$4*$B$5^$B$7*($B$5^E22-1)/LN($B$5)) -> 0.96406876 | Q22: =EXP(-D22*$B$3-$B$4*$B$5^$B$7*($B$5^D22-1)/LN($B$5)) -> 0.96075021 | R22: =P22-Q22 -> 0.0033185451 | S22: =R22*O22 -> 3.7662926
C23: =C22+1 -> 13 | D23: =C23/12 -> 1.0833333 | E23: =D23-1/12 -> 1 | F23: =LN((1-$B$9)^D23/EXP($B$1*D23)) -> -0.056878391 | G23: =($B$1+$B$9^2)*D23 -> 0.054173437 | H23: =$B$2*SQRT(D23) -> 0.26020825 | I23: =(F23+G23)/H23 -> -0.010395341 | J23: =I23-H23 -> -0.27060359 | K23: =_xlfn.NORM.DIST(-J23,0,1,TRUE) -> 0.60665203 | L23: =_xlfn.NORM.DIST(-I23,0,1,TRUE) -> 0.50414707 | M23: =(1-$B$9)^(12*D23) -> 0.96798306 | N23: =K23-M23*L23 -> 0.11864621 | O23: =$B$6*N23 -> 1186.4621 | P23: =EXP(-E23*$B$3-$B$4*$B$5^$B$7*($B$5^E23-1)/LN($B$5)) -> 0.96075021 | Q23: =EXP(-D23*$B$3-$B$4*$B$5^$B$7*($B$5^D23-1)/LN($B$5)) -> 0.95742318 | R23: =P23-Q23 -> 0.0033270303 | S23: =R23*O23 -> 3.9473955
... C70: =C69+1 -> 60 | D70: =C70/12 -> 5 | E70: =D70-1/12 -> 4.9166667 | F70: =LN((1-$B$9)^D70/EXP($B$1*D70)) -> -0.26251565 | G70: =($B$1+$B$9^2)*D70 -> 0.25003125 | H70: =$B$2*SQRT(D70) -> 0.55901699 | I70: =(F70+G70)/H70 -> -0.022332776 | J70: =I70-H70 -> -0.58134977 | K70: =_xlfn.NORM.DIST(-J70,0,1,TRUE) -> 0.71949763 | L70: =_xlfn.NORM.DIST(-I70,0,1,TRUE) -> 0.50890875 | M70: =(1-$B$9)^(12*D70) -> 0.86054634 | N70: =K70-M70*L70 -> 0.28155807 | O70: =$B$6*N70 -> 2815.5807 | P70: =EXP(-E70*$B$3-$B$4*$B$5^$B$7*($B$5^E70-1)/LN($B$5)) -> 0.79621197 | Q70: =EXP(-D70*$B$3-$B$4*$B$5^$B$7*($B$5^D70-1)/LN($B$5)) -> 0.79255612 | R70: =P70-Q70 -> 0.003655848 | S70: =R70*O70 -> 10.293335
